text,label,notes
"Counter-Terrorists win",reaction,
"GLORIOUS HATEWATCH",reaction,
"OKC Dynasty 2025-2025 RIP",reaction,
"That really was just a generational hate-watch.",reaction,
"The Corgi went 7/7!",reaction,
"LMAOOOOO Thunder fans really thought they were winning it all 💀💀💀",reaction,
"FADE EM 🗑️🗑️🗑️",reaction,
"I can't believe they actually did it. I'm shaking. THIS TEAM.",reaction,
"THEY REALLY GAVE CHET THE MAX 🤣🤣🤣 Type of guy to shoot 2 shots in a Game 7. Fucking embarrassing.",hot_take,"Borderline reaction/hot_take. The mockery is emotional but it makes a claim about Chet's contract value. Went with hot_take per 'bold claim without evidence' rule."
"From 'Is OKC gonna beat the 16-1 warriors playoff record' to FADED LMAO",reaction,
"Absolutely cinema. Greatest game 7 I've ever watched.",reaction,
"Spurs in 7 I never doubted",reaction,
"This is the greatest playoff series I've ever watched. Game 7 was a masterpiece. Both teams left everything on the floor.",reaction,
"WEMBY IS HIM. I don't know what else to say.",reaction,
"RIP bozo",reaction,
"Pack watch 🚬",reaction,
"I'm literally crying tears of joy right now",reaction,
"THE BAD GUYS LOST",reaction,
"Never been more happy to be wrong about a series prediction",reaction,
"HOLY SHIT THEY ACTUALLY DID IT",reaction,
"Best day of my life as a Spurs fan since 2014",reaction,
"This is my Super Bowl",reaction,
"I need a cigarette and I don't even smoke",reaction,
"Chet Holmgren is the most overrated player in the league. Dude is just tall and got lucky playing next to SGA.",hot_take,
"Spurs are winning the next 5 championships. Book it. Wemby is already the best player in the world and it's not close.",hot_take,
"Thunder won 68 games and couldn't even make the Finals. Regular season means nothing.",hot_take,
"perhaps we shouldnt be calling teams a dynasty after 1 chip lol",hot_take,
"SGA is a regular season merchant. Put him in the playoffs and he shrinks every single time.",hot_take,
"Jokic averaged a triple-double in the playoffs and his team lost in the second round. Empty stats.",hot_take,
"The Thunder are never winning a championship with this core. Too soft, too young, no killer instinct.",hot_take,
"Dort shot 29% from three in the playoffs. You can't win when your starting SG shoots like that.",hot_take,"Borderline hot_take/analysis. One stat + one assertion per decision rule → hot_take."
"Chet got absolutely sonned by Wemby all series. Never seen a max player get exposed that badly.",hot_take,
"Thunder are the biggest frauds in NBA history. 68 wins and couldn't even reach the Finals.",hot_take,
"People really tried to say SGA was better than Wemby lmaoooo",hot_take,
"NBA is so soft now. This wouldn't have happened in the 90s.",hot_take,
"The refs handed the Spurs this series. Thunder got zero calls all series.",hot_take,
"Wemby is already top 10 all time. I don't care about longevity.",hot_take,
"SGA is just James Harden 2.0 — foul baiting, no rings, empty calories.",hot_take,
"Jalen Williams is the most overrated 'star' in the league. Dude is a 3rd option at best.",hot_take,
"Chet is just a tall guy who can shoot a little. Not a franchise player. Never was.",hot_take,
"Popovich could coach a YMCA team past this Thunder squad. Coaching diff is real.",hot_take,
"OKC wasted the greatest regular season ever. Fire everyone.",hot_take,
"Spurs winning it all this year and it won't even be close. Sweep incoming.",hot_take,
"Anyone who thought OKC was beating the Spurs doesn't know basketball.",hot_take,
"All series he has been dog Chet",hot_take,
"Legit all-time embarrassing performance. Shooting just twice in a G7.",hot_take,"Borderline hot_take/reaction. The second sentence cites a fact (2 shots) but the post is primarily an assertion of embarrassment."
"Meanwhile Chet is taking 2 shots on a max",hot_take,
"Wemby's defensive rating dropped from 108.3 to 104.1 after the All-Star break. The difference is almost entirely in his help defense positioning — he's contesting 3.2 more shots per game at the rim and opponents are shooting 11% worse on those contests. You can see it in how he's staying vertical instead of biting on pump fakes.",analysis,
"Looking at the last 10 champions, 8 of them had a top-5 net rating in the regular season. The two exceptions (2023 Nuggets, 2021 Bucks) both had top-3 net ratings post-All-Star break. The Thunder finished 7th in net rating this year and were 9th post-ASB. Historically, that profile doesn't win titles.",analysis,
"The Thunder's offense was historically great in the regular season (122.1 ORtg, 2nd all-time). But in the playoffs, it dropped to 114.3. The difference? Teams stopped doubling SGA and dared the role players to beat them — and they couldn't. Dort shot 29% from three, JDub shot 31%.",analysis,
"Wemby's block rate in the playoffs (8.7%) was actually lower than his regular season rate (9.3%). Teams adjusted by pulling him out to the perimeter and attacking the rim when he rotated. The Spurs countered by having Sochan play free safety, which is why Sochan's defensive rating improved by 6 points in the playoffs.",analysis,
"The Celtics took 48 threes in Game 5. That's more than they took in any regular season game. The Spurs adjusted by running them off the line in the second half — Boston went 3/14 from three after halftime.",analysis,
"People keep saying the Thunder choked but look at the numbers: OKC's half-court offense was 98.3 ORtg in the half-court vs. the Spurs, down from 104.1 in the regular season. The Spurs packed the paint and forced OKC to beat them with perimeter shooting from non-SGA players. Dort, JDub, and Wallace shot a combined 31% from three on 14.3 attempts per game. That's the series right there.",analysis,
"The Spurs' defensive strategy in this series was a masterclass. They used Wemby as a roamer rather than a primary defender on Chet, which let him contest shots from everywhere while Sochan and Vassell handled the point of attack. Chet shot 38% when Wemby was on the floor and 62% when he sat. The Thunder had no counter because they don't have a secondary creator who can punish a roaming big.",analysis,
"What makes Wemby's playoff run historically significant isn't just the counting stats — it's the efficiency and the defensive impact. He's averaging 28/14/5 with 4 blocks on 62% TS. The only players to match that scoring + efficiency + block combination in a single playoffs are peak Hakeem (1994, 1995) and Shaq (2000). And Wemby is doing it as a second-year player.",analysis,
"The Thunder's heliocentric offense was always going to have a ceiling. In the regular season, SGA had a 34.7% usage rate — highest on any team that made the conference finals since 2019 Harden. But unlike Harden's Rockets, OKC didn't have the shooting around him to punish help. Only 2 Thunder rotation players shot above 37% from three in the playoffs. You can't run a heliocentric offense without spacing.",analysis,
"One underrated factor in this series: the Spurs dominated the possession game. They had a 16.2% offensive rebound rate to OKC's 9.1%, and they forced 2.8 more turnovers per game. That's roughly 8 extra possessions per game. In a series where 4 of 7 games were decided by single digits, those extra possessions were the difference between winning and losing.",analysis,
"Castle's development as a secondary creator is the biggest reason the Spurs made the leap from play-in to Finals. Last year he averaged 3.2 assists and shot 28% from three. This year: 6.1 assists, 36% from three, and he's been the primary ballhandler in crunch time while Wemby works off-ball. That takes immense pressure off a 7'5"" center who shouldn't have to create his own shot every possession.",analysis,
"The Thunder's defensive scheme actually worked reasonably well against Wemby individually — they held him to 44% shooting when guarded by Chet. The problem was everything else: Wemby's offensive rebounding (4.1 per game), his passing out of doubles (5.7 assists), and the Spurs' role players shooting 41% from three on Wemby kick-outs. You can't just 'stop Wemby' anymore — he's too complete.",analysis,
"Looking at the salary cap situation: Chet and JDub are both extension-eligible this summer. If OKC maxes both, they'll have ~$140M tied up in SGA/Chet/JDub starting in 2027-28. That's before filling out the rest of the roster. The new CBA makes it extremely punitive to have three max contracts — you lose the MLE, you can't aggregate salaries in trades, your draft picks freeze. Presti has some very hard decisions coming.",analysis,
"Champagnie played like a 2nd overall pick more than the actual 2nd overall pick in Chet",hot_take,
"The fuck you dunk at the end was so cathartic and I don't even like the spurs",reaction,
"For those who don't know: Champagnie was undrafted out of Pitt, spent time in the G League, and is now playing 20+ minutes in the WCF on a minimum contract.",context,
"The last time a team came back from 3-1 down in the Conference Finals was the 2016 Warriors against the Thunder. Before that, it was the 1981 Celtics against the 76ers.",context,
"For reference: the last 5 teams to win 68+ games all made the Finals. Three won the championship.",context,
"The Spurs averaged 29 wins over the last 6 years, and just eliminated OKC.",context,
"Thunder had the #1 defense and #3 offense in the regular season. They lost in 7 to a Spurs team that was #4 defense and #6 offense.",context,"Borderline context/analysis. Presents stats without explicit argument, though juxtaposition implies narrative. Per decision rule, post is informative without requiring the implied conclusion → context."
"Fun fact: Wemby is the youngest player to average 25+ PPG in a Conference Finals series since Kobe in 2000.",context,
"Champagnie's contract: 4 years, $12M total. He's making less this season than what Chet makes in 3 games.",context,
"The Spurs haven't been to the Finals since 2014. That's an 11-year drought for a franchise with 5 championships.",context,
"For those asking about the draft: the Thunder own 7 first-round picks over the next 3 years, including the Rockets' unprotected 2027 pick and the Clippers' unprotected 2028 pick.",context,
"The last rookie to make First Team All-Defense was Tim Duncan in 1998. Wemby just did it and finished top-3 in DPOY voting.",context,
"Quick explainer on why the Thunder's picks are so valuable: they have swap rights with the Clippers in 2027 and the Rockets in 2028, plus unprotected picks from both teams. If either team bottoms out, OKC gets a lottery pick without having to tank themselves.",context,
"Since the play-in tournament was introduced in 2020, no team that started the season with a rookie head coach has made it past the second round. The Spurs just did it with a rookie coach AND a second-year center as their best player.",context,
"Just to put the 68 wins in perspective: only 5 teams in NBA history have won 68+ games. The 1996 Bulls (72-10, won title), 1997 Bulls (69-13, won title), 1972 Lakers (69-13, won title), 1967 76ers (68-13, won title), 1973 Celtics (68-14, lost in ECF), and the 2016 Warriors (73-9, lost in Finals). OKC is the 7th team to win 68+ and the 3rd not to win the title.",context,
"The Thunder's net rating this season (+11.4) was the 4th highest in NBA history. The three teams ahead of them (1996 Bulls, 1997 Bulls, 2017 Warriors) all won the championship.",context,
"Victor Wembanyama's playoff stats through the Conference Finals: 28.4 PPG, 14.2 RPG, 5.1 APG, 4.3 BPG, 1.7 SPG, 61.8% TS, 37% from three on 5.2 attempts per game.",context,
"Here's the Thunder's salary breakdown for next season: SGA $38.3M, Dort $16.5M, Hartenstein $28.5M, Joe $12.5M, Wiggins $10.5M. Chet and JDub are still on rookie deals ($13.7M and $6.5M respectively) but both are extension-eligible this summer.",context,
"Just a reminder that the Spurs got Wemby because they won the 2023 lottery with a 14% chance. The Pistons, Rockets, and Hornets all had the same 14% odds. The basketball gods have a sense of humor.",context,
"Historical comparison: the 2007 Mavericks won 67 games and lost in the first round to the 8-seed Warriors. The 2016 Warriors won 73 and lost in the Finals after being up 3-1. Winning a ton of regular season games and falling short in the playoffs has precedent, but 68 wins and losing before the Finals is new territory.",context,
"For anyone confused about the CBA implications: under the new second apron rules, the Thunder would face severe restrictions if they max both Chet and JDub. They'd lose access to the taxpayer MLE, couldn't take back more salary than they send out in trades, couldn't aggregate contracts in trades, and their 2032 first-round pick would be frozen (unable to be traded). This is why you're hearing rumors about OKC potentially trading one of their young guys.",context,
"The Spurs rebuilt their entire roster around Wemby in 18 months. In 2024 they had the worst record in the West. Now they're in the Finals. The turnaround is unprecedented for a team that didn't sign a max free agent.",context,
"SGA shot 41% from the field in Game 7. You can't be a superstar and disappear like that in elimination games.",hot_take,"THE hardest edge case. One real stat + bold claim. Per decision rule: one stat + one assertion → hot_take. The stat is real but not contextualized."
"Wemby is going to singlehandedly alter the course of Chets career. I've never seen a player get sonned so hard by one player and it visibly crater their impact that way.",hot_take,
"That was a generational hate-watch. 72K upvotes on the elimination thread. The entire NBA fandom united against one team.",reaction,"Borderline reaction/context. Emotional expression is primary purpose; the stat (72K) is seasoning, not substance → reaction."
"I can't believe Wemby had 14 blocks in a playoff series. That's insane.",reaction,"Borderline reaction/context. Fact serves the emotion → reaction per decision rule."
"Champagnie was Undrafted out of college and he is playing like 20 minutes a game in the WCF making league minimum money. That's fucking crazy.",context,"Borderline context/reaction. First sentence is pure context; second sentence adds emotion. Overall the factual content dominates → context."
"The Thunder had the #1 defense in the regular season. The Spurs just put up 121 points on them in Game 7.",context,"Borderline context/analysis. Facts presented without explicit thesis → context per decision rule."
"r/NBA 12/25 EDIT: The Spurs averaged 29 wins over the last 6 years, and just eliminated OKC. What the actual fuck",reaction,"Contains context (29 wins stat) but the emotional framing and 'what the actual fuck' make it primarily a reaction."
"chet 2 holiday",reaction,
"Counter-Terrorists win",reaction,
"LMAO GET FADED",reaction,
"Spurs really went from 22 wins to the Finals in two years. Masterclass rebuild.",context,
"The Thunder are the first team in NBA history to win 68+ games and not make the conference finals.",context,
"Wemby with 14 blocks in the series is the most by any player in a Conference Finals since the NBA started tracking blocks in 1973-74.",context,
"People forget the Spurs were 22-60 two years ago. This isn't just improvement — it's the fastest turnaround in NBA history without signing a superstar free agent.",context,
"OKC's half-court offense was 98.3 ORtg vs Spurs compared to 104.1 in the regular season. The drop-off is entirely in the half-court — their transition offense was actually better in the playoffs.",analysis,
"The key adjustment from Game 4 onward: the Spurs stopped hedging on SGA pick-and-rolls and started switching everything 1-4 while keeping Wemby in drop coverage. SGA went from 32 PPG on 58% TS in Games 1-3 to 24 PPG on 49% TS in Games 4-7. The switch took away his midrange pull-up and forced him to finish over Wemby at the rim, where he shot just 41%.",analysis,
"Three numbers that explain the series: 1) OKC's role players shot 31% from three on 14.3 attempts per game. 2) The Spurs grabbed 34% of available offensive rebounds to OKC's 18%. 3) Wemby contested 18.2 shots per game — the most by any player in any playoff series since tracking began. The Thunder's offense was designed around SGA creating advantages, but the Spurs had an answer for every advantage he created.",analysis,
"One thing that's getting lost: the Spurs' guards were incredible defensively. Vassell and Castle held SGA to 6/22 shooting when they were the primary defender. They're both 6'5""+ with 6'10""+ wingspans, and they fought over every screen. SGA couldn't get the switch onto a weaker defender because the Spurs had no weak defenders to target.",analysis,
"The Thunder's biggest roster flaw got exposed: they don't have a single player outside of SGA who can reliably create their own shot in the half-court. JDub is a good player but he's a connector, not a creator. When the Spurs took away the SGA advantage, OKC's offense devolved into contested pull-ups from role players. That's a roster construction issue, not an effort issue.",analysis,
"Watching the film, the Spurs ran a lot of 'delay' action with Wemby at the top of the key — basically using him as a 7'5"" point center. This pulled Chet away from the rim and opened up cutting lanes for Vassell and Castle. The Spurs scored 1.18 PPP on possessions where Wemby touched the ball at the top of the key. That's an elite half-court number.",analysis,
"The Thunder's defensive strategy of having Chet guard Wemby 1-on-1 without double-teaming was bold but ultimately failed. Wemby shot 48% when guarded by Chet, which isn't great, but he generated 5.7 assists per game out of those matchups — mostly to cutters and corner shooters. The Spurs scored 1.12 PPP on possessions where Chet was the primary defender on Wemby. You can live with Wemby scoring efficiently if you take away everything else, but the Thunder couldn't take away everything else.",analysis,
"Comparing this series to last year's WCF (Mavs-Wolves): the Mavs won because Luka and Kyrie could both create advantages and the Wolves had only one elite rim protector (Gobert). The Spurs won because Wemby is a one-man defensive system AND a one-man offensive engine. There's no historical comparison for a player who can anchor a top-3 defense while also being the hub of a top-5 offense.",analysis,
"Popovich's adjustment in Game 5 was subtle but brilliant: he started having Wemby set ball screens at the 3-point line instead of at the nail. This forced Chet to defend in space 25 feet from the basket, which is not his strength. Wemby as a pop threat from 28 feet is unguardable — Chet had to respect the shot, which opened up the entire floor for Castle and Vassell drives.",analysis,
"The Spurs outscored the Thunder by 12.3 points per 100 possessions when Wemby was on the floor. When he sat, the Thunder outscored the Spurs by 4.1. That's a 16.4 point swing. For context, Jokic's on/off in last year's championship run was +11.2. Giannis in 2021 was +9.8. What Wemby is doing at age 22 is unprecedented.",analysis,
"Let me break down why the 'OKC choked' narrative is lazy: the Spurs were the #1 defense post-All-Star break (107.2 DRTG). They had the best player in the series. They had home court advantage after Game 4. And they won Game 7 by 9 points. That's not a choke — that's the better team winning a close series. The Thunder didn't blow a 3-1 lead. They lost a competitive series to a team that figured them out.",analysis,
"Wemby's three-point shooting is the real X-factor that nobody talks about enough. He shot 37% from three in the playoffs on 5.2 attempts per game. When your 7'5"" center can space the floor like that, it fundamentally breaks defensive schemes. You can't put your center on him because he'll drag them to the perimeter. You can't put a wing on him because he'll shoot over them. The only answer is to switch everything and hope he misses — and he didn't miss enough.",analysis,
"One tactical detail I haven't seen discussed: the Spurs ran a lot of inverted pick-and-roll with Castle as the screener for Wemby as the ballhandler. This forced OKC to switch a guard onto Wemby or give him a head of steam going downhill. Wemby scored 1.32 PPP as the ballhandler in pick-and-roll during the series — that's an elite number for ANY player, let alone a center.",analysis,
"The Spurs shot 39% from three as a team in this series. In the regular season they shot 35%. The difference? Wemby's gravity. When he rolled to the rim, OKC's help defenders had to collapse so hard that it left shooters wide open. The Spurs' role players got more 'clean' looks (defender 6+ feet away) in this series than they did all regular season.",analysis,
"SGA's free throw rate dropped from .452 in the regular season to .287 in the playoffs. Part of that is playoff officiating, but the bigger factor is that the Spurs defended him without reaching. Vassell and Castle stayed vertical, kept their hands back, and forced SGA to finish over length. SGA shot 51% at the rim in the regular season but just 41% at the rim in this series.",analysis,
"OKC's transition offense was actually elite in this series (1.21 PPP, would have led the league). The problem is they only got 12.3 transition possessions per game compared to 18.7 in the regular season. The Spurs' offensive rebounding and low turnover rate meant OKC couldn't get stops and run. You can't be a transition-reliant offense if the other team doesn't let you get stops.",analysis,
"Watching the tape, the single biggest difference between regular season OKC and playoff OKC was the disappearance of their drive-and-kick game. In the regular season, SGA and JDub drove and kicked for 22.3 three-point attempts per game (3rd in the NBA). Against the Spurs, that number dropped to 14.1. The Spurs' length at the point of attack (Vassell 6'5"" with 6'10"" wingspan, Castle 6'6"" with 6'9"" wingspan) meant OKC's drivers couldn't turn the corner and force help rotations.",analysis,
"Jeremy Sochan's offensive development is the most underrated storyline of this Spurs run. Two years ago he was a complete non-shooter (25% from three, teams didn't guard him). This year he shot 35% from the corner three and 72% from the line. He's not a sniper, but he's good enough that you can't just ignore him. That tiny improvement unlocked the Spurs' best lineups because they could play Sochan at the 4 next to Wemby without killing their spacing.",analysis,
"One thing about the Thunder that will get overlooked: they had the youngest rotation in the playoffs (average age 24.1). Every key player except Dort is 25 or under. This isn't a now-or-never situation — they have 7 first-round picks coming and all their core guys under contract. The window isn't closed. But they do need to figure out the half-court offense against elite defenses.",analysis,
"Watching OKC struggle against the Spurs' length reminded me of the 2019 Bucks losing to the Raptors. Giannis was the best player in the league but Toronto built a wall of long, athletic defenders (Kawhi, Siakam, Gasol, Green) and dared the supporting cast to beat them. OKC faces the same problem: SGA is incredible, but when a defense can throw 6'5""+ defenders at him AND protect the rim with a generational shot blocker, the math changes.",analysis,
"Let's talk about the Spurs' offensive rebounding because it was the hidden MVP of this series. They grabbed 34.1% of available offensive boards — that would have led the league by a wide margin. Wemby alone had 4.1 offensive rebounds per game, and about half of those turned into immediate putbacks or kick-out threes. The Thunder's smallball lineups with JDub at the 4 simply couldn't compete on the glass.",analysis,
"The Thunder's defensive rating in the regular season: 106.1 (1st). Against the Spurs: 118.7. That's a 12.6 point swing — the equivalent of going from the best defense in the league to the worst. Some of that is Wemby being unguardable, but a lot of it is the Spurs' role players hitting shots they missed all season. Regression to the mean works both ways.",analysis,
"Castle's defense on SGA doesn't get enough credit. In 47 possessions where Castle was the primary defender, SGA shot 5/16 (31%) with 4 turnovers. Castle is 6'6"" with a 6'9"" wingspan and he's strong enough to absorb SGA's shoulder bumps without giving ground. He's already one of the 5 best perimeter defenders in the league as a rookie.",analysis,
"The Spurs' half-court offense was generating 1.08 PPP in this series, which is elite. They did it by running everything through Wemby at the elbow — from there he could shoot over Chet, drive past him, or find cutters. It's the same setup the Nuggets use with Jokic, except Wemby is 5 inches taller and a better shooter. The elbow series with a 7'5"" hub who can shoot, pass, and drive is basketball's ultimate cheat code.",analysis,
"Looking ahead to the Finals: the Celtics have the personnel to guard Wemby better than anyone. Porzingis is 7'3"" and can contest shots without jumping. Horford is one of the smartest post defenders ever. Tatum and Brown are both strong enough to switch onto Wemby for short stretches. But nobody has ever seen a player like Wemby in the Finals. The Celtics' defensive scheme will be the most interesting tactical battle we've seen in years.",analysis,
"One stat that sums up the Thunder's offensive problems: they averaged 0.92 points per half-court possession in the half-court against the Spurs. That would have ranked 29th in the NBA during the regular season. Their transition offense was great, but you can't run if you can't get stops, and they couldn't get stops because Wemby was generating efficient offense every trip down.",analysis,
"The Thunder's pick-and-roll defense was excellent all season (0.88 PPP allowed, 2nd in NBA). Against the Spurs it ballooned to 1.05 PPP. The difference? Wemby as the roll man. When he rolls to the rim, he's 7'5"" with a 8'0"" wingspan catching lobs — you can't defend that with normal pick-and-roll coverage. OKC tried icing, hedging, switching, and dropping. Nothing worked consistently.",analysis,
"Can we talk about how the Spurs' rotation players all leveled up at the same time? Vassell went from 17 PPG on 55% TS to 21 PPG on 60% TS. Castle went from 12/4/4 to 16/5/6. Sochan went from a defensive specialist to a legitimate two-way player. This is what happens when you have a superstar who makes everyone better — the whole roster looks different.",analysis,
"The Thunder's clutch offense was a disaster in this series. In the last 5 minutes of games within 5 points, OKC scored at a rate of 88.3 points per 100 possessions. For reference, the worst clutch offense in the regular season was around 95. SGA shot 4/14 in clutch situations. The Spurs' length bothered him more when the game slowed down and the refs swallowed their whistles.",analysis,
"Here's what I think OKC needs to do this offseason: 1) Find a legitimate secondary creator who can run pick-and-roll when SGA sits or gets blitzed. 2) Add more shooting — they need at least 3 above-average shooters around SGA at all times. 3) Figure out the Chet-at-center question. He's a great defender but he gets bullied by bigger centers. Maybe they need a true 5 and move Chet to the 4.",analysis,
"The Spurs' defensive gameplan against SGA was a clinic in modern NBA defense: 1) Fight over every screen (no going under). 2) Stay vertical at the rim (no reaching). 3) Force him left (he shoots 42% going left vs. 51% going right). 4) Live with contested midrange shots (he shot 38% on contested midrange in the series vs. 47% in the regular season). 5) Don't help off corner shooters (make him beat you with difficult shots). This is the blueprint for defending SGA, and every team will copy it next season.",analysis,
"The Thunder's offense was 1st in the NBA in the regular season (122.1 ORtg). Against the Spurs it was 112.4. The 9.7 point drop is the 3rd largest drop from regular season to a playoff series by a top-3 offense in the last 20 years. The two larger drops: 2015 Hawks vs. Cavs (-12.1) and 2018 Raptors vs. Cavs (-14.3). Both of those teams fired their coach within 2 seasons.",analysis,
"One thing I think the Thunder did well that's getting lost in the negativity: their defense on non-Wemby Spurs was actually good. The Spurs' role players shot 41% from the field when Wemby was off the floor. The problem is Wemby played 39 minutes per game. You can't scheme around a player who never sits.",analysis,
"Julian Champagnie's story is genuinely incredible. Undrafted in 2022. Cut by the 76ers. Signed to a two-way by the Spurs. Played 15 games in the G League. Now he's starting in the Conference Finals and playing credible defense on all-NBA wings. He's the type of player who only exists because the Spurs' development program is the best in the league.",context,
"Important context for the 'OKC has 7 first-round picks' narrative: under the new CBA, you can't roster 7 first-round picks. The Thunder have 15 guaranteed contracts next season plus 3 draft picks. They literally don't have roster spots for all their picks. Expect them to consolidate picks into a star trade this summer.",context,
"Spurs' path to the Finals: beat the #8 Grizzlies in 5, beat the #4 Nuggets in 6, beat the #2 Thunder in 7. That's the 8 seed, the 4 seed with the 3-time MVP, and the 2 seed with 68 wins. No easy path. They earned this.",context,
"The Thunder are the 5th team in NBA history to win 65+ games and not make the Finals. The others: 2007 Mavs (67 wins, lost 1st round), 2016 Spurs (67 wins, lost 2nd round), 2018 Rockets (65 wins, lost WCF), 2006 Pistons (64 wins, lost ECF). Wait, that's only 4? Let me check... yes, the 2006 Pistons won 64, not 65. So OKC might be the 4th or 5th depending on whether you count the 2009 Cavs (66 wins, lost ECF).",context,
"For those wondering about the Spurs' cap situation: they have Wemby on a rookie deal for 2 more years, Vassell at $27M/year declining, and everyone else on reasonable contracts. They can add a max free agent in 2027 without shedding salary. The future is terrifyingly bright.",context,
"Quick correction to something I've seen repeated: the Thunder do NOT own 7 first-round picks. They own 7 first-round picks OVER THE NEXT 3 YEARS. They actually have 11 tradable first-round picks total when you include picks through 2031. The distinction matters because they can't use all of them — they'll need to consolidate.",context,
"Wemby's playoff stats by series: Round 1 vs. Grizzlies: 26/13/4 with 4.5 blocks. Round 2 vs. Nuggets: 31/15/5 with 3.8 blocks. WCF vs. Thunder: 28/14/5 with 4.3 blocks. The consistency is absurd. He never had a bad game.",context,
"Not sure if this has been mentioned but the Spurs are the 2nd youngest team to ever make the Finals. Average age of their playoff rotation: 24.3. The youngest was the 2012 Thunder at 23.9. The difference is the 2012 Thunder had 3 future MVPs (KD, Russ, Harden). The Spurs have Wemby and a bunch of guys who were in the G League 2 years ago.",context,
"The Thunder's point differential in the regular season was +11.4 — 4th best in NBA history. Their point differential in this series: -2.3. That's a 13.7 point swing, which is the largest drop from regular season to a playoff series by any team with a top-5 all-time point differential.",context,
"I've seen some people say the Thunder should trade Chet. That's an overreaction. He's 23, he's on a rookie deal, and he's a top-25 player. But the fit with him as the sole big man against elite centers is questionable. The Thunder need a physical 5 (like Hartenstein but better) who can bang with guys like Wemby, Jokic, and Embiid while Chet plays the roaming 4 on defense.",analysis,
"Let me push back on the 'OKC needs to fire Daigneault' takes. He just won Coach of the Year. He took a team that won 24 games two years ago to 68 wins and the WCF Game 7. The loss hurts but firing a COTY because he lost a close series to a team with the best player in the world is how you become the Kings.",hot_take,"Borderline hot_take/analysis. Has reasoning but is primarily a rebuttal to a strawman ('fire Daigneault' takes) with opinionated framing → hot_take."
"Wemby is the best player in the world and it's not a debate anymore. Jokic had his run. Giannis had his. This is Wemby's league now.",hot_take,
"The Thunder are fine. They're the youngest team in the playoffs and they took the eventual champions to 7 games. The overreactions are insane.",hot_take,
"I'm so tired of the 'SGA is a free throw merchant' discourse. He averaged 8.7 FTA in the regular season and 7.1 in the playoffs. That's a normal drop for any star in the playoffs. The real story is the Spurs' defense, not the officiating.",hot_take,"Borderline hot_take/analysis. Cites real stats but the framing is a rebuttal/rant rather than a structured argument. The stats are used rhetorically."
"everyone who picked OKC in 5 or 6 needs to delete their account",reaction,
"SPURS IN 7 I NEVER DOUBTED (I doubted heavily after Game 4)",reaction,
"This series aged me 10 years. I have gray hair now. Worth it.",reaction,
"Good morning to everyone except Thunder fans",reaction,
"Waking up today knowing OKC is eliminated feels better than coffee",reaction,
"Can we get a wellness check on r/thunder",reaction,
"Thunder fans talking all that shit after Game 1 just to get faded in 7",reaction,
"I was told Chet was better than Wemby. I was told SGA was the MVP. I was told OKC was a dynasty. Where y'all at now??",hot_take,
"Wemby finals MVP loading...",reaction,
"The Spurs are going to be a PROBLEM for the next decade. This is just the beginning.",hot_take,
"Everyone who said the Thunder were a superteam needs to apologize. A superteam doesn't lose in the conference finals.",hot_take,
"I remember when people said Wemby was too skinny for the NBA. Now he's bullying max contract players in the playoffs.",hot_take,
"OKC fans really spent the whole regular season talking about net rating just to get bounced before the Finals",reaction,
"WEMBY IS THE BEST PLAYER IN THE NBA AND HES 22",hot_take,
"Dort shot 2/11 from three in Game 7. You can't be a '3-and-D' player if you can't make threes when it matters.",hot_take,
"The Thunder's half-court offense was a ticking time bomb all season. They masked it with transition scoring and SGA isolations. Against a disciplined defense that doesn't turn the ball over, the cracks showed.",analysis,
"One thing I respect about the Thunder: they didn't make excuses after the loss. SGA gave the Spurs full credit in his press conference. That's leadership. They'll be back.",context,
"The Spurs are now 16-2 in playoff series under Popovich when they have home court advantage. The two losses: 2006 Mavs and 2013 Heat. Both went to 7 games.",context,
"Wemby joins Kareem, Walton, Duncan, and Magic as the only players to make the Finals in their first or second season while being the best player on their team. That's the list. That's the company.",context,
"Honestly the most impressive thing about the Spurs is that they did this without a traditional point guard. Castle is a rookie combo guard. Tre Jones is a backup. They ran their offense through Wemby at the elbow and it WORKED. That shouldn't be possible in the modern NBA.",analysis,
"Let's not forget the Spurs were 22-60 TWO YEARS AGO. This is the greatest single-season turnaround in NBA history by a non-free-agent team. They drafted Wemby, developed their guys, and 24 months later they're in the Finals. Unreal.",context,
"Great series. Both teams left it all on the floor. No shame in losing to a generational player playing at his peak. OKC will be back.",context,
"WEMBY IS INEVITABLE",reaction,
"The Spurs really went from tanking for Wemby to the Finals in 2 years. That's how you rebuild.",hot_take,
"OKC needs to fire Daigneault. 68 wins and can't even make the Finals? Unacceptable.",hot_take,
"Jalen Williams was EXPOSED this series. 14 PPG on 49% TS. Not a star. Not even close.",hot_take,
"Let's be real: the Thunder won 68 games because the West was weak this year. Put them in the East and they're a 50-win team.",hot_take,
"The Spurs are going to sweep the Celtics. Wemby is unstoppable and Boston has no answer.",hot_take,
"I'm so happy for Popovich. At his age, getting one more Finals run is special. Legend.",reaction,
"The Thunder will be back. They're too talented and too well-run not to be. But they need to add shooting and a secondary creator this summer.",analysis,
"Wemby's playoff run is already top-10 all time and he hasn't even played in the Finals yet. If he wins the title, it's arguably the greatest individual playoff run ever for a player not named LeBron, MJ, or Shaq.",hot_take,"Borderline hot_take/analysis. Makes a historical claim without specific evidence or comparison criteria."
"Champagnie making $3M a year and outplaying a max contract player is why the NBA salary structure is broken",hot_take,
"Chet shot 2 times in Game 7 of the Conference Finals. TWO TIMES. As a max player. That's not just bad — it's historically bad.",hot_take,"Borderline hot_take/analysis. Cites a real fact (2 shots) but frames it as an assertion about Chet's quality rather than analyzing why."
"Spurs fans 🤝 Raptors fans 🤝 Rockets fans 🤝 Warriors fans 🤝 every other fanbase: celebrating this OKC elimination",reaction,
"The Thunder are the Dallas Cowboys of the NBA. Great regular season, embarrassing playoff exit, insufferable fans.",hot_take,
"I need someone to explain to me how Chet Holmgren is a max player. I'm serious. What does he do at an elite level?",hot_take,
"Popovich coaching masterclass. Out-adjusted Daigneault in every game after Game 3. The gap between a top-2 all-time coach and a good young coach was the difference.",analysis,
"The Spurs scored 121 points on the #1 defense in the NBA. In Game 7. On the road. That's not supposed to happen.",context,
"OKC will be scary next year if they can turn some of those picks into a star. Imagine this team with LaMelo or Trae as a secondary creator.",analysis,
"Wemby is going to finish his career as a top-5 player of all time. I'm not being hyperbolic. The skill set at that size has never existed before.",hot_take,
"People really tried to say Chet was in the same tier as Wemby. I hope those people are watching.",hot_take,
"THE SAN ANTONIO SPURS ARE GOING TO THE NBA FINALS",reaction,
"Wemby in the Finals is going to be must-watch television. The whole world is going to tune in.",context,
"OKC's biggest mistake was not trading for a star at the deadline. They had the assets. They chose to stand pat. That decision cost them a Finals appearance.",hot_take,
"I'm not even a Spurs fan and I'm emotional. This team is special. You can feel it.",reaction,
"The Thunder have a bright future but they need to be honest about what went wrong. The half-court offense isn't good enough. The roster construction is flawed. The coaching got outclassed. These are fixable problems but they need to be acknowledged first.",analysis,
"THE SAN ANTONIO SPURS ARE GOING TO THE NBA FINALS",reaction,
"WEMBY IS INEVITABLE",reaction,
"FADE EM 🗑️",reaction,
"Spurs in 7 I never doubted (I doubted heavily after Game 4)",reaction,
"Good morning to everyone except Thunder fans",reaction,
"Can we get a wellness check on r/thunder",reaction,
"Waking up today knowing OKC is eliminated feels better than coffee",reaction,
"Spurs fans 🤝 Raptors fans 🤝 Rockets fans 🤝 Warriors fans: celebrating this OKC elimination",reaction,
"The Spurs haven't been to the Finals since 2014. That's an 11-year drought for a franchise with 5 championships.",context,
"The Thunder are the first team in NBA history to win 68+ games and not make the conference finals.",context,
"Wemby with 14 blocks in the series is the most by any player in a Conference Finals since the NBA started tracking blocks in 1973-74.",context,
"People forget the Spurs were 22-60 two years ago. This isn't just improvement — it's the fastest turnaround in NBA history without signing a superstar free agent.",context,
"Important context for the 'OKC has 7 first-round picks' narrative: under the new CBA, you can't roster 7 first-round picks. The Thunder have 15 guaranteed contracts next season plus 3 draft picks.",context,
"The Spurs are now 16-2 in playoff series under Popovich when they have home court advantage. The two losses: 2006 Mavs and 2013 Heat.",context,
"Wemby joins Kareem, Walton, Duncan, and Magic as the only players to make the Finals in their first or second season while being the best player on their team.",context,
"Spurs' path to the Finals: beat the #8 Grizzlies in 5, beat the #4 Nuggets in 6, beat the #2 Thunder in 7. No easy path.",context,
